cluster,num_stations,avg_pm25,avg_pollution_index,avg_wind_speed,avg_wind_direction,center_lat,center_lon,is_hotspot,source_direction_compass,date
0,20,33.632306475291394,0.27951751424184856,3.586852143630332,99.92069526250208,28.57996073,77.219057545,False,E,2026-08-01
1,5,34.3572540353329,0.33822738821902515,3.635083742151134,101.99338662032653,28.6524389,77.14588064,True,ESE,2026-08-01
2,3,41.236507404917795,0.3388976659568487,3.6997235087074465,102.38957754084498,28.666783533333334,77.3112718,True,ESE,2026-08-01
3,4,43.10360922343786,0.3326374352667777,3.6439129945362527,101.62140248572155,28.635576375,77.35377542500001,True,ESE,2026-08-01
4,2,45.45194759896171,0.3238550393965637,3.521567902401038,100.22382567793557,28.741288949999998,77.11559075,True,E,2026-08-01
5,2,35.0463543936093,0.2515077620389822,3.6690390577705156,101.17062988691578,28.619788,77.27959849999999,False,E,2026-08-01
6,2,34.70923117709438,0.3432888869787226,3.6712743573435844,102.22790045318396,28.7482235,77.27623,True,ESE,2026-08-01
7,2,51.21704723933793,0.43972240453971934,3.613802791270992,101.50656062150921,28.697587,77.173559,True,ESE,2026-08-01
8,2,45.730840163934424,0.31384424420638746,3.5556506351092896,99.52964783300115,28.41255423526901,77.0757373241334,True,E,2026-08-01
9,2,44.28770703065426,0.30422198215936086,3.6145368597300593,99.74293453681577,28.4250905,77.147722,True,E,2026-08-01
0,20,29.35998152661785,0.2696065499242264,2.901385164436258,119.25675973122145,28.57996073,77.219057545,False,ESE,2026-08-02
1,5,29.83714830908151,0.3414420238459857,3.0400476929885287,118.30045452766103,28.6524389,77.14588064,True,ESE,2026-08-02
2,3,41.399937343358395,0.3515439139164702,2.8881092914015807,118.71179541803122,28.666783533333334,77.3112718,True,ESE,2026-08-02
3,4,36.4407954376247,0.31220643268465786,2.9422219349293206,119.18251608498491,28.635576375,77.35377542500001,True,ESE,2026-08-02
4,2,37.4455625,0.30259176439929164,2.913517056041667,115.82065705130071,28.741288949999998,77.11559075,True,ESE,2026-08-02
5,2,33.40991758241758,0.2493634490735551,2.9299880667582414,119.50119860508414,28.619788,77.27959849999999,False,ESE,2026-08-02
6,2,31.53816742081448,0.3442446074036041,2.9499703304460247,119.81041817347398,28.7482235,77.27623,True,ESE,2026-08-02
7,2,51.392361111111114,0.4317924614241813,2.966864141458333,118.68098250110302,28.697587,77.173559,True,ESE,2026-08-02
8,2,38.465666666666664,0.2941397508130661,3.0874328825833333,117.55029908182672,28.41255423526901,77.0757373241334,True,ESE,2026-08-02
9,2,35.14830158730159,0.30002626707533375,3.221747691349206,118.91429382421472,28.4250905,77.147722,True,ESE,2026-08-02
0,20,22.692255904882714,0.250643725163721,2.6937707124874875,124.08238943345634,28.57996073,77.219057545,False,SE,2026-08-03
1,5,23.26975119181982,0.30437345069491,2.7644186300073557,125.8779336423022,28.6524389,77.14588064,True,SE,2026-08-03
2,3,37.077267830209,0.31477415936792996,2.869587610967464,124.0658655375878,28.666783533333334,77.3112718,True,SE,2026-08-03
3,4,34.30939746475325,0.2915079242849213,2.819075040873769,122.7585346884876,28.635576375,77.35377542500001,True,ESE,2026-08-03
4,2,32.90129239766082,0.29308117380000964,2.7043868067836256,120.770297069158,28.741288949999998,77.11559075,True,ESE,2026-08-03
5,2,25.73504016064257,0.20129962012954078,2.872637984050488,116.58598097431104,28.619788,77.27959849999999,False,ESE,2026-08-03
6,2,33.337716727716725,0.36419703396479297,2.740289341147741,126.4114692821829,28.7482235,77.27623,True,SE,2026-08-03
7,2,43.270114942528735,0.4230328652253674,2.891060043471523,124.41512932800129,28.697587,77.173559,True,SE,2026-08-03
8,2,41.04706284153005,0.31398942192850743,2.4972873815232237,125.08786305967249,28.41255423526901,77.0757373241334,True,SE,2026-08-03
9,2,42.009647762516614,0.32173870221895534,2.722698449723084,119.05951498172914,28.4250905,77.147722,True,ESE,2026-08-03
0,20,20.66791063235721,0.2545287609934809,1.2445810022419534,189.4524598088198,28.57996073,77.219057545,True,S,2026-08-04
1,5,18.45352374744766,0.2880428737321095,1.4210956568245883,100.41875583564064,28.6524389,77.14588064,True,E,2026-08-04
2,3,33.32112686972022,0.32188975059659936,1.4069850600156035,93.64660342090531,28.666783533333334,77.3112718,True,E,2026-08-04
3,4,23.77565011541848,0.258435432307656,1.282343336739749,149.2868114915982,28.635576375,77.35377542500001,True,SSE,2026-08-04
4,2,27.194289244186045,0.2666229937656546,1.4469480529694767,83.43014220807964,28.741288949999998,77.11559075,True,E,2026-08-04
5,2,18.78754453538758,0.18998827649573863,0.9652352479995184,212.45405583142406,28.619788,77.27959849999999,False,SSW,2026-08-04
6,2,20.22826791186342,0.29961444375760937,1.4927996802342038,105.00597134563282,28.7482235,77.27623,True,ESE,2026-08-04
7,2,33.82317073170732,0.34905967268097987,1.5121538398170733,107.61851059034075,28.697587,77.173559,True,ESE,2026-08-04
8,2,46.72147988505748,0.34938731830102066,1.302862754920977,237.3669517112864,28.41255423526901,77.0757373241334,True,WSW,2026-08-04
9,2,29.652578273244785,0.28097218490431153,1.233045494881404,201.34067049757425,28.4250905,77.147722,True,SSW,2026-08-04
0,20,34.774244773816335,0.25271778996445093,1.269799251639553,278.92346549593566,28.57996073,77.219057545,False,W,2026-08-05
1,5,34.98286700884265,0.32594105598961143,1.1475039100645927,308.26298369246837,28.6524389,77.14588064,True,NW,2026-08-05
2,3,52.614935880190124,0.37411774734954806,1.1702103299963231,301.8497331887721,28.666783533333334,77.3112718,True,WNW,2026-08-05
3,4,51.89276590851009,0.3127716765517575,1.250838574054732,286.9634959157931,28.635576375,77.35377542500001,True,WNW,2026-08-05
4,2,47.303698630136985,0.25870859405116536,1.299262448659491,300.00094525862687,28.741288949999998,77.11559075,False,WNW,2026-08-05
5,2,33.77501875468867,0.1989232545765543,1.314179775067517,272.6627184957255,28.619788,77.27959849999999,False,W,2026-08-05
6,2,30.414386692381868,0.3258033318772946,1.1319891274522662,307.98589893325544,28.7482235,77.27623,True,NW,2026-08-05
7,2,57.082082551594745,0.40569266548337113,1.1531122486882426,306.95206581517914,28.697587,77.173559,True,NW,2026-08-05
8,2,59.60819805194805,0.32365873374809057,1.3110178992992423,268.81859623231503,28.41255423526901,77.0757373241334,True,W,2026-08-05
9,2,35.84477591036415,0.24252815296520028,1.3295041667717085,276.6409484864423,28.4250905,77.147722,False,W,2026-08-05
0,20,25.033922913365483,0.33219634740973814,1.9080501421971832,33.39606748346887,28.57996073,77.219057545,False,NNE,2026-08-06
1,5,19.758909654749978,0.3596954196463398,2.0083761460466523,42.482103587597294,28.6524389,77.14588064,True,NE,2026-08-06
2,3,34.33784257070309,0.43458142498189517,1.9836434393398126,50.14910125946085,28.666783533333334,77.3112718,True,NE,2026-08-06
3,4,31.56407970829388,0.3814575398968446,1.947260729687352,29.99949721437008,28.635576375,77.35377542500001,True,NNE,2026-08-06
4,2,28.121666666666666,0.3081089599948115,1.7366379211904763,62.84077498748758,28.741288949999998,77.11559075,False,ENE,2026-08-06
5,2,21.65826530612245,0.23556221729688065,1.8255520349489798,35.24770348188696,28.619788,77.27959849999999,False,NE,2026-08-06
6,2,12.959391233766233,0.3334288517725267,1.9645369342532468,43.427200309564796,28.7482235,77.27623,False,NE,2026-08-06
7,2,23.490806835388277,0.366663465901122,2.00247078880597,43.09569341779837,28.697587,77.173559,True,NE,2026-08-06
8,2,44.44000527426161,0.4438414380887693,1.5817178817246837,26.584425720290938,28.41255423526901,77.0757373241334,True,NNE,2026-08-06
9,2,26.28876461988304,0.3326825854174694,1.7736714445833333,28.73566417814112,28.4250905,77.147722,False,NNE,2026-08-06
0,20,22.71428708984787,0.26353236074655556,2.9298002879347735,39.875126050378526,28.57996073,77.219057545,False,NE,2026-08-07
1,5,16.71717767463366,0.2719527313985336,2.919854921118047,39.328883546538634,28.6524389,77.14588064,True,NE,2026-08-07
2,3,42.674650921218095,0.3965065899529436,2.9772290763648788,43.15671552664202,28.666783533333334,77.3112718,True,NE,2026-08-07
3,4,29.600994869167483,0.26541216802269163,2.9997492735232334,34.86819252953899,28.635576375,77.35377542500001,True,NE,2026-08-07
4,2,31.78711111111111,0.2467389966348771,2.815852557936508,31.706500912345973,28.741288949999998,77.11559075,False,NNE,2026-08-07
5,2,26.87248532289628,0.2062321214900132,3.1528549060273976,35.441326886707884,28.619788,77.27959849999999,False,NE,2026-08-07
6,2,12.874948405253285,0.2416596300489245,2.9931464035928705,40.64606375824485,28.7482235,77.27623,False,NE,2026-08-07
7,2,23.104537894986933,0.2930385371451738,3.0121669564979805,38.026524807970134,28.697587,77.173559,True,NE,2026-08-07
8,2,42.27986111111112,0.32914123434406206,2.8393737769290124,26.960868194742943,28.41255423526901,77.0757373241334,True,NNE,2026-08-07
9,2,22.965294871794875,0.26137050055275934,2.976085756730769,38.172849231734176,28.4250905,77.147722,False,NE,2026-08-07
0,5,33.93211493870168,0.2575322953280973,3.4049755967567856,90.21662232123043,28.6524389,77.14588064,True,E,2026-08-08
1,3,43.59698057703586,0.2979606445135646,3.4173744173147167,90.81893626928854,28.666783533333334,77.3112718,True,E,2026-08-08
2,19,32.31180147503927,0.20471997000115594,3.426000313443665,93.6727142305881,28.580839610526315,77.2207481,False,E,2026-08-08
3,4,41.77727519852384,0.23054440010789487,2.9103381646362525,87.42298132557147,28.635576375,77.35377542500001,True,E,2026-08-08
4,2,47.64984821428571,0.2058033292215648,3.3986169743973216,90.15345594329943,28.741288949999998,77.11559075,False,E,2026-08-08
5,2,42.8271777924653,0.2195929820364202,2.7001508447785856,91.82134852403948,28.619788,77.27959849999999,False,E,2026-08-08
6,2,32.417306449130365,0.2654759519023478,3.390046193835617,90.50140014076658,28.7482235,77.27623,True,E,2026-08-08
7,2,52.63866943866944,0.31454443734442655,3.5257435553326406,93.67883701610685,28.697587,77.173559,True,E,2026-08-08
8,2,57.663881086142325,0.2756177289166902,3.211002871395131,90.8704836785713,28.41255423526901,77.0757373241334,True,E,2026-08-08
9,2,64.29607816091954,0.31010680348492564,3.3677677048275863,95.39771364088091,28.4250905,77.147722,True,E,2026-08-08
0,20,35.88678034150566,0.21448736299089846,2.0116316378067616,111.99501014007245,28.57996073,77.219057545,False,ESE,2026-08-09
1,5,33.98735406416937,0.2638619619900555,2.009295620126387,110.74501214830264,28.6524389,77.14588064,True,ESE,2026-08-09
2,3,46.69964070831193,0.2833375608378772,1.9990373533618095,110.8825882840697,28.666783533333334,77.3112718,True,ESE,2026-08-09
3,4,38.214530148398154,0.188990518581125,2.0289172223270917,112.73855294199245,28.635576375,77.35377542500001,False,ESE,2026-08-09
4,2,49.96536796536796,0.22183729137149102,1.824753222835498,107.91413700743698,28.741288949999998,77.11559075,False,ESE,2026-08-09
5,2,30.013823529411766,0.14557667393961915,2.0884797175210084,112.70865214758874,28.619788,77.27959849999999,False,ESE,2026-08-09
6,2,42.89,0.31225694667323256,2.0326411788548953,111.28058651012122,28.7482235,77.27623,True,ESE,2026-08-09
7,2,56.91536004645761,0.3790503785476865,2.0107735859320557,112.34514621866919,28.697587,77.173559,True,ESE,2026-08-09
8,2,57.612715517241384,0.27328210576430817,1.8711485892241382,110.23142285682223,28.41255423526901,77.0757373241334,True,ESE,2026-08-09
9,2,48.06986666666667,0.24408477375982995,2.1317794696363634,111.62165386146847,28.4250905,77.147722,True,ESE,2026-08-09
0,20,34.77830432077592,0.252187508163826,2.062621561234938,88.14489869118256,28.57996073,77.219057545,False,E,2026-08-10
1,5,30.28941814395747,0.28674419721368477,1.96339248071523,89.7496229330252,28.6524389,77.14588064,True,E,2026-08-10
2,3,43.50753838276419,0.29615772630780757,1.98274078247623,86.91431445882631,28.666783533333334,77.3112718,True,E,2026-08-10
3,4,38.49458076389703,0.240049928675418,2.123609070452537,91.19293760029888,28.635576375,77.35377542500001,False,E,2026-08-10
4,2,42.28615520907158,0.21739091448354728,2.0008601406006377,83.13454906289076,28.741288949999998,77.11559075,False,E,2026-08-10
5,2,29.779555555555557,0.2032614495713137,2.114910011111111,77.83814982770303,28.619788,77.27959849999999,False,ENE,2026-08-10
6,2,35.320299987368955,0.34322169701586225,1.9875681594038146,88.67466347300973,28.7482235,77.27623,True,E,2026-08-10
7,2,46.14331550802139,0.3921498782736508,1.9107416936898396,82.33261948373837,28.697587,77.173559,True,E,2026-08-10
8,2,51.89265350877193,0.3060543614629452,2.1887307842105264,81.90867823386361,28.41255423526901,77.0757373241334,True,E,2026-08-10
9,2,43.93595998595998,0.27867744952784224,2.0968722585907336,88.8233247910432,28.4250905,77.147722,True,E,2026-08-10
0,19,43.951220599950055,0.2752871978854619,2.0873737854380656,93.38318348370836,28.581537363157896,77.21779184736842,True,E,2026-08-11
1,5,33.711369977108376,0.3306512820015645,2.1343464951822844,98.05958530036548,28.6524389,77.14588064,True,E,2026-08-11
2,3,44.67497959047666,0.29801991063794586,2.123311078534138,97.93655867689722,28.666783533333334,77.3112718,True,E,2026-08-11
3,4,43.24167736703561,0.266890042847848,2.1038624435593625,95.76751093964776,28.635576375,77.35377542500001,False,E,2026-08-11
4,2,45.97384417808219,0.24337508836961574,2.1127112418985448,99.03289900724621,28.741288949999998,77.11559075,False,E,2026-08-11
5,2,32.57679785330948,0.1902599877695223,2.048908360964222,88.62870721290466,28.619788,77.27959849999999,False,E,2026-08-11
6,2,22.099488017429195,0.26250983505884323,2.1568873543471314,98.10852786770647,28.7482235,77.27623,False,E,2026-08-11
7,2,57.004278074866306,0.3657717568432421,2.2187156874652407,96.74880830200209,28.697587,77.173559,True,E,2026-08-11
8,2,89.33651960784314,0.4187152708814717,2.073985390593137,97.58168106433993,28.41255423526901,77.0757373241334,True,E,2026-08-11
9,2,76.1532509157509,0.3725602982426544,2.097858974313187,90.59806183904732,28.4250905,77.147722,True,E,2026-08-11
0,19,47.603071158853375,0.26280921709953575,1.0304167795350538,303.7711380068672,28.581537363157896,77.21779184736842,False,NW,2026-08-12
1,5,50.11697345167467,0.3489457177504903,1.0219320728692893,265.5195371518997,28.6524389,77.14588064,True,W,2026-08-12
2,3,60.51593874980972,0.3218120807665195,0.9908972311874779,277.19463241950587,28.666783533333334,77.3112718,True,W,2026-08-12
3,4,52.77747160165717,0.2829303773366649,0.9908007138212097,286.795607480631,28.635576375,77.35377542500001,True,WNW,2026-08-12
4,2,61.888574603174604,0.27946376529183714,0.9382910689492063,0.02472112909350699,28.741288949999998,77.11559075,True,N,2026-08-12
5,2,39.84650793650793,0.18361315004332326,1.0169633316626983,314.74216959576734,28.619788,77.27959849999999,False,NW,2026-08-12
6,2,40.40913199426112,0.304437614059548,0.990652272033716,269.4418543637645,28.7482235,77.27623,True,W,2026-08-12
7,2,74.03024944154876,0.3603460838680554,0.9690423348250186,254.62628101606091,28.697587,77.173559,True,WSW,2026-08-12
8,2,63.25023148148148,0.3006386220357377,0.9680192606558642,28.150040526608564,28.41255423526901,77.0757373241334,True,NNE,2026-08-12
9,2,60.392757483510906,0.2799257263667599,1.0296155850989344,310.4869054575271,28.4250905,77.147722,True,NW,2026-08-12
0,19,39.75526965386014,0.27407027324107136,2.127750316215169,255.4265135759912,28.581537363157896,77.21779184736842,False,WSW,2026-08-13
1,5,37.80153829694281,0.34102410158976426,2.1481357878869516,252.58236748853616,28.6524389,77.14588064,True,WSW,2026-08-13
2,3,51.45070276806149,0.3609436026418429,2.1337542297327805,251.5324469991322,28.666783533333334,77.3112718,True,WSW,2026-08-13
3,3,40.92953301677746,0.33038824359023183,2.1527450753909463,252.93468785073895,28.643705166666667,77.35768056666667,True,WSW,2026-08-13
4,2,56.91195302445303,0.2919957662632777,2.1403491439510938,253.47519845354486,28.741288949999998,77.11559075,False,WSW,2026-08-13
5,2,32.6410581061693,0.24013925441037476,2.131500142496413,256.2951602634844,28.619788,77.27959849999999,False,WSW,2026-08-13
6,2,46.958010256410255,0.3960508181642799,2.1402948153589745,251.0391158592239,28.7482235,77.27623,True,WSW,2026-08-13
7,2,81.78641358641359,0.3929979028418584,2.101753688951049,255.2874690989633,28.697587,77.173559,True,WSW,2026-08-13
8,2,56.78641666666667,0.32791487683690707,2.1009790790833334,256.82701210886955,28.41255423526901,77.0757373241334,True,WSW,2026-08-13
9,2,43.86075044091711,0.24468981459270378,2.143634162627866,255.1412981436363,28.4250905,77.147722,False,WSW,2026-08-13
0,19,31.763911722799804,0.23729672011567943,1.509153070579456,139.49063016289313,28.581537363157896,77.21779184736842,False,SE,2026-08-14
1,5,26.595844000461284,0.29247693772356403,1.7261625840636583,133.9012126519233,28.6524389,77.14588064,True,SE,2026-08-14
2,3,47.240183180800976,0.3620158468446622,1.717708884670099,139.2971533592368,28.666783533333334,77.3112718,True,SE,2026-08-14
3,3,31.248397311976433,0.2484803275111278,1.618658490601123,135.7461556608464,28.643705166666667,77.35768056666667,False,SE,2026-08-14
4,2,43.95031678082192,0.26664143555422887,1.8182015232020547,153.17873366906554,28.741288949999998,77.11559075,True,SSE,2026-08-14
5,2,21.166086706861904,0.16694311227864367,1.4831417859532012,133.33484493744209,28.619788,77.27959849999999,False,SE,2026-08-14
6,2,31.481019607843137,0.302905117803678,1.7321019918702867,138.18818234900084,28.7482235,77.27623,True,SE,2026-08-14
7,2,57.41834365325077,0.355366868960292,1.7237502904411763,128.96858618904332,28.697587,77.173559,True,SE,2026-08-14
8,2,51.482657657657654,0.32126399266357375,1.4474298708164413,162.5459822265168,28.41255423526901,77.0757373241334,True,SSE,2026-08-14
9,2,41.574164102564104,0.2553388909689238,1.464562233897436,140.07179864504542,28.4250905,77.147722,True,SE,2026-08-14
0,11,41.68315897298825,0.29396954577701195,1.9030750440649091,310.5327726847868,28.54942449090909,77.21368712727272,True,NW,2026-08-15
1,5,33.51620951386169,0.344597592651906,1.7894901430631704,285.5394618081292,28.6524389,77.14588064,True,WNW,2026-08-15
2,3,49.38020594752621,0.37979513036052176,1.8180056419978399,301.3751392170765,28.666783533333334,77.3112718,True,WNW,2026-08-15
3,7,34.986761752595086,0.2783477752582316,1.8478816677053336,289.12803551559193,28.630530857142855,77.22288275714286,False,WNW,2026-08-15
4,3,36.63649772579597,0.2880270866977862,1.8509081218884225,288.625232485762,28.643705166666667,77.35768056666667,True,WNW,2026-08-15
5,2,37.14671798848028,0.23118323566054222,1.5785247373077094,278.2729685085123,28.741288949999998,77.11559075,False,W,2026-08-15
6,2,30.376753086419754,0.2005834609495209,1.9331915145987655,309.3104714500552,28.619788,77.27959849999999,False,NW,2026-08-15
7,2,28.10954722492697,0.30482229226063584,1.850422799736287,283.41746303881615,28.7482235,77.27623,True,WNW,2026-08-15
8,2,46.34311594202899,0.2788281742375398,1.8914210446150364,285.5839628901315,28.697587,77.173559,False,WNW,2026-08-15
9,2,58.303749999999994,0.3430150849164867,1.846378994375,288.7222676653607,28.41255423526901,77.0757373241334,True,WNW,2026-08-15
10,2,62.69450833333333,0.36639879567288924,1.9110820738333334,313.20091950099504,28.4250905,77.147722,True,NW,2026-08-15
0,19,31.80458832442513,0.22935254607777067,2.821747071599969,263.12451100689447,28.581537363157896,77.21779184736842,False,W,2026-08-16
1,5,28.386281496514403,0.3209423582418348,2.6903081942876454,253.33530123686526,28.6524389,77.14588064,True,WSW,2026-08-16
2,3,49.98156565656566,0.3729784409702042,2.704650358488456,258.62544822759753,28.666783533333334,77.3112718,True,WSW,2026-08-16
3,3,31.325305574903904,0.25234500938175203,2.7319796627300263,258.4449554970814,28.643705166666667,77.35768056666667,True,WSW,2026-08-16
4,2,37.54759416195857,0.24100215205142983,3.047405016984463,264.1118836438966,28.741288949999998,77.11559075,False,W,2026-08-16
5,2,26.566298701298702,0.1780219452884006,2.891473535064935,265.47734564106815,28.619788,77.27959849999999,False,W,2026-08-16
6,2,41.49987872487873,0.3462330194872174,2.776553034078309,259.9074516317331,28.7482235,77.27623,True,W,2026-08-16
7,2,46.156895403064624,0.2722763938553978,2.785858851290806,260.1497587950841,28.697587,77.173559,True,W,2026-08-16
8,2,42.8349856321839,0.2443643783533599,3.119903133405172,262.44604949518737,28.41255423526901,77.0757373241334,False,W,2026-08-16
9,2,50.99457792207792,0.24861545929068196,2.8690836682467533,264.25261873518525,28.4250905,77.147722,True,W,2026-08-16
0,19,26.065452412428233,0.26600819187093316,2.432498357890421,249.9708057687282,28.581537363157896,77.21779184736842,False,WSW,2026-08-17
1,5,23.885528433558484,0.33272104989841866,2.821842705101564,255.0510214424009,28.6524389,77.14588064,True,WSW,2026-08-17
2,3,40.02002300808271,0.3757494158625083,2.6057036896406855,246.8671489363672,28.666783533333334,77.3112718,True,WSW,2026-08-17
3,4,31.167310526897552,0.26245095863224005,2.431061493400212,246.47639192971866,28.635576375,77.35377542500001,False,WSW,2026-08-17
4,2,33.37516123188406,0.26738788182864404,2.6746247120471014,251.41247136257795,28.741288949999998,77.11559075,False,WSW,2026-08-17
5,2,21.52493650793651,0.19790482379977967,2.372348432063492,251.4006620056865,28.619788,77.27959849999999,False,WSW,2026-08-17
6,2,39.69552517250192,0.39154581435031643,2.6435147391323794,249.39632997878607,28.7482235,77.27623,True,WSW,2026-08-17
7,2,38.137351778656125,0.336091814851753,2.6434411444911063,249.35652840282785,28.697587,77.173559,True,WSW,2026-08-17
8,2,36.01603422619048,0.29209723080022826,2.491794188467262,250.86751270188927,28.41255423526901,77.0757373241334,True,WSW,2026-08-17
9,2,54.83808757062147,0.33628780555215354,2.50730798952919,253.9115492190831,28.4250905,77.147722,True,WSW,2026-08-17
0,19,29.95723112222308,0.2603685151663797,1.7098413303532642,239.52832653610795,28.581537363157896,77.21779184736842,False,WSW,2026-08-18
1,5,26.397418432801175,0.34586299869174547,1.6292391845785499,233.10137599404004,28.6524389,77.14588064,True,SW,2026-08-18
2,3,50.43630073138709,0.393994221050741,1.7391049123502667,226.16370893152234,28.666783533333334,77.3112718,True,SW,2026-08-18
3,4,45.461325064867374,0.30500436807232467,1.7354788838217758,234.62791448343543,28.635576375,77.35377542500001,True,SW,2026-08-18
4,2,35.31102564102564,0.2608497702799901,1.939075305448718,238.0216989571707,28.741288949999998,77.11559075,False,WSW,2026-08-18
5,2,26.60207603867259,0.23273387154885525,1.708649584623073,247.93006828460216,28.619788,77.27959849999999,False,WSW,2026-08-18
6,2,43.44511155606407,0.39470419222471376,1.7579411196824943,233.50621773804397,28.7482235,77.27623,True,SW,2026-08-18
7,2,40.90610599078341,0.3552459058859412,1.7273409576651306,231.06196480019494,28.697587,77.173559,True,SW,2026-08-18
8,2,40.55708333333333,0.29816424255982055,1.6091251947916667,223.97263931869202,28.41255423526901,77.0757373241334,True,SW,2026-08-18
9,2,53.51252709359606,0.32647970773107393,1.6551689011321837,236.99797986556598,28.4250905,77.147722,True,WSW,2026-08-18
0,19,38.44479211009955,0.24300709425173928,1.4371741125121915,286.5507067034662,28.581537363157896,77.21779184736842,False,WNW,2026-08-19
1,5,36.42895719903206,0.31300739442429015,1.3299276590156535,275.9274904948719,28.6524389,77.14588064,True,W,2026-08-19
2,3,70.19087999766191,0.3604187333627052,1.3239167983473457,276.761155276136,28.666783533333334,77.3112718,True,W,2026-08-19
3,4,50.59441254844961,0.22356704307918865,1.380179831598595,275.80897132465685,28.635576375,77.35377542500001,False,W,2026-08-19
4,2,43.98669005847953,0.23566438804972703,1.4266602857894737,255.33444583079424,28.741288949999998,77.11559075,False,WSW,2026-08-19
5,2,36.50364583333333,0.2099916898156004,1.4707510812499998,290.05039275979374,28.619788,77.27959849999999,False,WNW,2026-08-19
6,2,40.119601449275365,0.3094704233104332,1.3103594786639494,275.31265387413646,28.7482235,77.27623,True,W,2026-08-19
7,2,51.37545289855072,0.3417178735911377,1.3006648527400362,274.91272031238555,28.697587,77.173559,True,W,2026-08-19
8,2,41.55859649122807,0.23182728809188446,1.4217225501776316,270.44460141216604,28.41255423526901,77.0757373241334,False,W,2026-08-19
9,2,54.09036458333333,0.27477842018979065,1.4707510812499998,290.05039275979374,28.4250905,77.147722,True,WNW,2026-08-19
0,19,41.410944119294534,0.2575572613089399,1.4023509526748186,311.3009880880455,28.581537363157896,77.21779184736842,False,NW,2026-08-20
1,5,36.94002720265389,0.3075789811730466,1.345344135703535,5.471673499679071,28.6524389,77.14588064,True,N,2026-08-20
2,3,63.26079544002249,0.34844399231909223,1.238757786710375,9.34999107040187,28.666783533333334,77.3112718,True,N,2026-08-20
3,4,49.37025046662275,0.2407222728368878,1.3823490968202403,335.0254398980317,28.635576375,77.35377542500001,False,NNW,2026-08-20
4,2,43.31355154808959,0.2316034071274954,1.3030424809576746,304.8150555116349,28.741288949999998,77.11559075,False,NW,2026-08-20
5,2,37.96176063067367,0.2317795363542428,1.428963081304945,299.83437225921807,28.619788,77.27959849999999,False,WNW,2026-08-20
6,2,44.61016487542746,0.34278482865951404,1.3367795969131655,9.543126582624154,28.7482235,77.27623,True,N,2026-08-20
7,2,48.89154589371981,0.3482356942102365,1.3300900574094203,10.44341418234319,28.697587,77.173559,True,N,2026-08-20
8,2,51.141560102301796,0.2709856990911767,1.6079186928184144,287.16976998738676,28.41255423526901,77.0757373241334,True,WNW,2026-08-20
9,2,72.0960873015873,0.34627975586230997,1.4264814761105007,301.5913966177381,28.4250905,77.147722,True,WNW,2026-08-20
0,19,28.988602054209405,0.2541125108355735,2.565766838115071,297.08684728230946,28.581537363157896,77.21779184736842,False,WNW,2026-08-21
1,5,22.79209109907768,0.2871126591514943,2.4840407999963925,293.189958642596,28.6524389,77.14588064,True,WNW,2026-08-21
2,3,46.434297090362264,0.34694319731740286,2.330966095207207,297.42873515421854,28.666783533333334,77.3112718,True,WNW,2026-08-21
3,4,38.64085789208,0.23791901416392186,2.5112918517207317,296.9329316910494,28.635576375,77.35377542500001,False,WNW,2026-08-21
4,2,30.5507760453579,0.20218253898538213,2.757318660028349,298.00279508994237,28.741288949999998,77.11559075,False,WNW,2026-08-21
5,2,23.556564516129033,0.2006252139743172,2.5705156137634404,296.31233737432956,28.619788,77.27959849999999,False,WNW,2026-08-21
6,2,32.5485918972332,0.30968380098758064,2.4326063533102764,294.9366805401146,28.7482235,77.27623,True,WNW,2026-08-21
7,2,36.34396383186706,0.32563169503308725,2.4406719834921797,295.71267026689577,28.697587,77.173559,True,WNW,2026-08-21
8,2,38.48209706959707,0.2826651628700287,2.746284420290751,294.477378449135,28.41255423526901,77.0757373241334,True,WNW,2026-08-21
9,2,34.19719583333333,0.24225872512196067,2.5466052533749997,297.2670441245926,28.4250905,77.147722,False,WNW,2026-08-21
0,19,36.068587805158764,0.2910110854369042,2.449263972545514,297.52605566055973,28.581537363157896,77.21779184736842,True,WNW,2026-08-22
1,5,31.160395313003438,0.31801326729647267,2.2550141377858055,289.8547915847638,28.6524389,77.14588064,True,WNW,2026-08-22
2,3,40.92584084084084,0.36279379133737133,2.3373933644465463,301.424643377777,28.666783533333334,77.3112718,True,WNW,2026-08-22
3,4,38.600153210678215,0.25498620760007845,2.4227581754011545,317.42167248074867,28.635576375,77.35377542500001,False,NW,2026-08-22
4,2,40.291825396825395,0.261451775581283,2.5743956940476194,281.36483038646054,28.741288949999998,77.11559075,False,WNW,2026-08-22
5,2,28.630670731707315,0.2225481443719961,2.4205577822865854,296.1380327912158,28.619788,77.27959849999999,False,WNW,2026-08-22
6,2,43.69537537537538,0.3478118618192899,2.2501306985491745,304.4046127075955,28.7482235,77.27623,True,NW,2026-08-22
7,2,48.269841269841265,0.3663138639173416,2.2866413946130955,299.34307248655637,28.697587,77.173559,True,WNW,2026-08-22
8,2,43.30572289156626,0.3181723156712503,2.604422911320281,281.35075803496335,28.41255423526901,77.0757373241334,True,WNW,2026-08-22
9,2,48.37807160493827,0.27916259933216037,2.498076958617284,296.7948506194976,28.4250905,77.147722,False,WNW,2026-08-22
0,19,35.82337799848501,0.28234392791761215,2.0363818034577275,328.6621870937796,28.581537363157896,77.21779184736842,True,NNW,2026-08-23
1,5,27.07377628970652,0.31965730688657573,2.05145564968433,333.0372396906499,28.6524389,77.14588064,True,NNW,2026-08-23
2,3,57.480988871768524,0.41218321304619643,1.969135207684061,320.0690660841526,28.666783533333334,77.3112718,True,NW,2026-08-23
3,4,38.06156090175762,0.23997858750566264,2.2592855551433626,335.9181186622729,28.635576375,77.35377542500001,False,NNW,2026-08-23
4,2,39.151757694360434,0.24095416189627428,1.9112674945659136,316.6091585059926,28.741288949999998,77.11559075,False,NW,2026-08-23
5,2,31.030916666666666,0.22510526837780503,2.307848960645833,332.390945152267,28.619788,77.27959849999999,False,NNW,2026-08-23
6,2,43.56595696057894,0.3265207896220336,1.985744439885736,320.90647615552245,28.7482235,77.27623,True,NW,2026-08-23
7,2,42.8231884057971,0.33958827402669733,1.9726686170724639,333.93955689767137,28.697587,77.173559,True,NNW,2026-08-23
8,2,45.25941091954023,0.3192994978522591,2.013051478448276,313.4618368339892,28.41255423526901,77.0757373241334,True,NW,2026-08-23
9,2,33.24670804597701,0.20970282683664698,2.0849788526620694,329.6950544867285,28.4250905,77.147722,False,NNW,2026-08-23
0,19,52.0008858026297,0.291620368332976,1.3597739367245238,187.30878413444043,28.581537363157896,77.21779184736842,True,S,2026-08-24
1,5,42.44845074435601,0.32537732233514116,1.425748376163205,190.86979079425996,28.6524389,77.14588064,True,S,2026-08-24
2,3,63.23440497396547,0.38883468999288495,1.431847665082043,191.26771760213362,28.666783533333334,77.3112718,True,SSW,2026-08-24
3,4,61.01229498451512,0.30726677353854037,1.4012116668171597,187.45014730268514,28.635576375,77.35377542500001,True,S,2026-08-24
4,2,56.78260869565217,0.27272151665456446,1.3419261163043479,191.39469081807255,28.741288949999998,77.11559075,False,SSW,2026-08-24
5,2,49.98982142857143,0.22767844912865765,1.3627000596815475,184.0347209557483,28.619788,77.27959849999999,False,S,2026-08-24
6,2,54.3775822368421,0.30569441423424465,1.4374082341940788,189.7453989596562,28.7482235,77.27623,True,S,2026-08-24
7,2,60.21666666666667,0.36820052904370004,1.4374082341940788,189.7453989596562,28.697587,77.173559,True,S,2026-08-24
8,2,56.17339912280703,0.3239704964735117,1.3865037641557016,185.6735707327352,28.41255423526901,77.0757373241334,True,S,2026-08-24
9,2,49.25198881172839,0.22580860507778167,1.3514354510378088,187.72701920485133,28.4250905,77.147722,False,S,2026-08-24
0,19,38.50403660033287,0.3253873382060232,1.074686030874408,252.90959160029195,28.581537363157896,77.21779184736842,True,WSW,2026-08-25
1,5,32.22464874420761,0.36512639757474036,1.0612903288209392,176.60618742154224,28.6524389,77.14588064,True,S,2026-08-25
2,3,42.30421650717703,0.38083275552897095,1.1680838400742626,170.3440501436579,28.666783533333334,77.3112718,True,S,2026-08-25
3,4,44.63970025624552,0.30994503899424614,1.087459219228868,213.71429168200262,28.635576375,77.35377542500001,True,SSW,2026-08-25
4,2,50.5572256097561,0.3196183944252736,1.1019336481516766,184.82606177867092,28.741288949999998,77.11559075,True,S,2026-08-25
5,2,39.037938988095235,0.30889788739632973,1.0320736024702382,267.3788921753457,28.619788,77.27959849999999,True,W,2026-08-25
6,2,23.12967927631579,0.21252775910700553,1.1238600167351973,170.83205853874097,28.7482235,77.27623,False,S,2026-08-25
7,2,42.76875,0.38450166744717207,1.17327198096875,179.49124817847246,28.697587,77.173559,True,S,2026-08-25
8,2,66.4890562248996,0.3898944433191841,0.9031637718498995,184.2225219216316,28.41255423526901,77.0757373241334,True,S,2026-08-25
9,2,42.15093047752809,0.2762222856441387,1.0553527574555244,269.4275841514175,28.4250905,77.147722,False,W,2026-08-25
0,19,53.00087241516884,0.262641200903178,1.5088206853560198,270.95840127785243,28.581537363157896,77.21779184736842,False,W,2026-08-26
1,5,50.431863525530694,0.3778074687083179,1.4910070029121374,261.21408039653403,28.6524389,77.14588064,True,W,2026-08-26
2,3,68.70669326241135,0.38508307426082067,1.4764697605585104,264.73530351901195,28.666783533333334,77.3112718,True,W,2026-08-26
3,4,61.79012319546854,0.29091863492286085,1.5125464472794834,269.47352228246723,28.635576375,77.35377542500001,True,W,2026-08-26
4,2,65.61751344086022,0.30104613652283124,1.5904120357913305,260.0971248869204,28.741288949999998,77.11559075,True,W,2026-08-26
5,2,55.61014660493827,0.34182469036007335,1.50872790529321,269.3289069122882,28.619788,77.27959849999999,True,W,2026-08-26
6,2,59.09058388157895,0.35352094206248763,1.4867742636546053,263.72780395971125,28.7482235,77.27623,True,W,2026-08-26
7,2,70.8889652014652,0.4097434678288281,1.4837445873179944,262.7039627825683,28.697587,77.173559,True,W,2026-08-26
8,2,60.85104166666666,0.30585262838350313,1.5631340285416666,266.50285872957016,28.41255423526901,77.0757373241334,True,W,2026-08-26
9,2,64.390625,0.27731688092612894,1.5175588041666668,272.76280874371537,28.4250905,77.147722,False,W,2026-08-26
0,19,45.75532173236121,0.2829772820464033,0.9871535873527645,256.2417930064704,28.581537363157896,77.21779184736842,False,WSW,2026-08-27
1,5,42.30842105263158,0.38668189588224877,0.6597839139473685,242.14555662958387,28.6524389,77.14588064,True,WSW,2026-08-27
2,3,67.43588983720564,0.4131079726429639,0.6564197314684422,240.83343567549846,28.666783533333334,77.3112718,True,WSW,2026-08-27
3,4,69.4954069859333,0.3611430102229115,0.7553199773147818,259.77717462035895,28.635576375,77.35377542500001,True,W,2026-08-27
4,2,47.935394736842106,0.25665819785729227,1.4045306460526317,283.1007218978481,28.741288949999998,77.11559075,False,WNW,2026-08-27
5,2,48.89024436090226,0.33589677734269807,0.868567577037594,282.1198880230712,28.619788,77.27959849999999,True,WNW,2026-08-27
6,2,58.401315789473685,0.37802962208182805,0.6597839139473685,242.14555662958387,28.7482235,77.27623,True,WSW,2026-08-27
7,2,60.210526315789465,0.45281135907877723,0.6597839139473685,242.14555662958387,28.697587,77.173559,True,WSW,2026-08-27
8,2,54.24473684210527,0.3327014209536419,2.05458675,250.4355875646989,28.41255423526901,77.0757373241334,True,WSW,2026-08-27
9,2,54.684342105263156,0.30515081614590656,0.8544445157894737,279.49537904993576,28.4250905,77.147722,False,W,2026-08-27
0,18,33.63118717366906,0.24392793756563044,2.9244625871873327,249.48580848966608,28.578921438888887,77.21649917222221,False,WSW,2026-08-28
1,5,26.138260869565215,0.2876218377125317,2.6724834304347826,235.5361618377047,28.6524389,77.14588064,True,SW,2026-08-28
2,3,121.33359683794465,0.3411103155194908,2.687536296047431,235.86856178789168,28.666783533333334,77.3112718,True,SW,2026-08-28
3,4,44.780434782608694,0.2833524252258794,2.899581508804348,238.82564297447317,28.635576375,77.35377542500001,True,WSW,2026-08-28
4,2,46.15630434782609,0.24559999242257508,2.8177091999999995,233.83434426347134,28.741288949999998,77.11559075,False,SW,2026-08-28
5,2,29.882597254004576,0.20557474828289252,3.2981188402746,245.46272921225756,28.619788,77.27959849999999,False,WSW,2026-08-28
6,2,55.7054347826087,0.2864364177091061,2.6724834304347826,235.5361618377047,28.7482235,77.27623,True,SW,2026-08-28
7,2,39.652173913043484,0.3749073637750001,2.6724834304347826,235.5361618377047,28.697587,77.173559,True,SW,2026-08-28
8,2,45.47300724637682,0.25175926978095875,3.2114808958333336,258.6023976997318,28.41255423526901,77.0757373241334,True,WSW,2026-08-28
9,2,41.90521739130435,0.2214361120898333,3.1536466173913045,242.62619431963884,28.4250905,77.147722,False,WSW,2026-08-28
0,18,24.664019726247986,0.20585695849606692,4.28023167013285,270.2713230686243,28.578921438888887,77.21649917222221,False,W,2026-08-29
1,5,20.34,0.24225046550440626,4.24773785,268.864485,28.6524389,77.14588064,True,W,2026-08-29
2,3,96.1388888888889,0.33616424287125324,4.24773785,268.864485,28.666783533333334,77.3112718,True,W,2026-08-29
3,4,30.84166666666667,0.21847877336964977,4.369766925,272.57686249999995,28.635576375,77.35377542500001,True,W,2026-08-29
4,2,37.55416666666667,0.22080203963626818,4.37893365,269.38604,28.741288949999998,77.11559075,True,W,2026-08-29
5,2,22.229166666666668,0.17304482954875983,4.491796,276.28923999999995,28.619788,77.27959849999999,False,W,2026-08-29
6,2,37.66166666666667,0.2424768288065723,4.24773785,268.864485,28.7482235,77.27623,True,W,2026-08-29
7,2,28.333333333333336,0.3288076367654852,4.24773785,268.864485,28.697587,77.173559,True,W,2026-08-29
8,2,34.358333333333334,0.22577021351381787,4.065200995833333,263.3202926861893,28.41255423526901,77.0757373241334,True,W,2026-08-29
9,2,25.766666666666666,0.22255925253215236,4.491796,276.28923999999995,28.4250905,77.147722,True,W,2026-08-29
0,18,28.791486159637607,0.22485813452310519,2.536718863135116,237.06625836320734,28.578921438888887,77.21649917222221,False,WSW,2026-08-30
1,5,25.01646065418687,0.2958913234817545,2.935199097795144,240.96707937231287,28.6524389,77.14588064,True,WSW,2026-08-30
2,3,78.2901327774812,0.3759584788909631,3.0684026476600827,245.77954569004038,28.666783533333334,77.3112718,True,WSW,2026-08-30
3,4,37.016761805915934,0.21651909393686702,2.7313482633497665,247.02170447551342,28.635576375,77.35377542500001,False,WSW,2026-08-30
4,2,33.82920212765957,0.20223643588164356,2.8266982127659572,239.0473866071216,28.741288949999998,77.11559075,False,WSW,2026-08-30
5,2,26.123171290061943,0.22303889079447975,2.473069690715055,235.4602821653552,28.619788,77.27959849999999,False,SW,2026-08-30
6,2,51.05908186864015,0.2785635750347111,2.5661901137372807,232.9955879086206,28.7482235,77.27623,True,SW,2026-08-30
7,2,42.73970487302677,0.3320565943096254,2.588513849267902,234.23140437972964,28.697587,77.173559,True,SW,2026-08-30
8,2,42.053360215053765,0.2615911824802209,2.851295403763441,244.33354154435952,28.41255423526901,77.0757373241334,True,WSW,2026-08-30
9,2,28.93542553191489,0.21663737675314498,2.523612724468085,237.73891991638908,28.4250905,77.147722,False,WSW,2026-08-30
0,18,30.976915410716565,0.2823173518755911,2.6033706394517875,254.54961767858723,28.578921438888887,77.21649917222221,False,WSW,2026-08-31
1,5,27.51375888165586,0.3622750698313889,2.540213841742675,254.1813549602315,28.6524389,77.14588064,True,WSW,2026-08-31
2,3,64.88268476621418,0.3642566638727118,2.985634368305179,260.9050730093136,28.666783533333334,77.3112718,True,W,2026-08-31
3,4,42.23607578552138,0.3026845139933046,2.4973148313704217,251.20283884050684,28.635576375,77.35377542500001,True,WSW,2026-08-31
4,2,34.9656483762598,0.24113194739503657,2.8049598736517356,253.50580059689133,28.741288949999998,77.11559075,False,WSW,2026-08-31
5,2,26.026135152696554,0.267589269314451,2.6325622578297594,255.1185252491789,28.619788,77.27959849999999,False,WSW,2026-08-31
6,2,53.17051094027203,0.3251141039170997,2.547066280189237,253.5075244227475,28.7482235,77.27623,True,WSW,2026-08-31
7,2,42.51063829787234,0.39901678344342023,2.550597930319149,254.72872204747904,28.697587,77.173559,True,WSW,2026-08-31
8,2,43.06244218316374,0.3159803524751688,2.927087930388529,255.6650016875863,28.41255423526901,77.0757373241334,True,WSW,2026-08-31
9,2,28.533564259485924,0.24052542466247684,2.9693312740514077,273.1619124633402,28.4250905,77.147722,False,W,2026-08-31
